Row Labels,Sum of Time,Max of Fitness
0,553.675208,21115
5,4889.756713,21506
15,97525.05169,21511
25,430929.5316,21880
Grand Total,533898.0152,21880
